kunta_suom,taajama-aste,vakiluku,vakiluvun_muutos_pros,alle15v-osuus,15-64v-osuus,Yli64v-osuus,ruotsinkielistenosuus,ulkomaalaisten_osuus,syntyneiden_enemmyys,muuttovoitto,perheiden_lkm,asuntokunnat_lkm,rivi-pientaloissa_asuntokunnat,vuokraasunnoissa_asuntokunnat,toisenasteensuorittaneet_15v,korkea-asteen_suorittaneet_15v,tyollinen_tyovoima,tyollisyysaste,asuinkunnassa_tyossakayvat,tyottomien_osuus_tyovoimasta,elakelaisten_osuus,huoltosuhde,tyopaikkojen_lkm,alkutuotannon:tyopaikkojen_osuus,jalostuksen_tyopaikkojen_osuus,palvelujen_tyopaikkojen_osuus,vuosikate_eperasukas,lainakanta_eperasukas,opetuskulttuurikayttokustannukset_eperasukas,sotekayttokustannukset_eperasukas
Akaa,88.5,16923,-0.7,18.3,60.2,21.5,0.2,1.5,-39,-136,4692,7791,72.4,20.3,69.0,24.4,6657,68.6,48.3,14.6,26.1,154.2,4510,3.5,34.2,60.8,281.7,3415.6,1637.8,3315.3
Alaj�rvi,60.3,9899,-1.1,17.8,56.6,25.6,0.1,1.8,-25,-103,2714,4142,91.5,16.2,64.1,20.8,3441,65.5,76.6,13.9,32.0,187.7,3389,11.7,26.5,60.2,1015.7,1888.6,2098.9,3406.7
Alavieska,52.1,2639,-1.8,19.7,57.7,22.6,0.3,0.6,-13,-31,676,1130,97.6,19.8,66.6,17.1,980,68.3,49.3,10.8,28.4,169.3,725,25.2,21.4,51.6,514.2,3940.5,1826.4,3918.5
Alavus,59.6,11907,-1.1,17.1,57.2,25.7,0.1,1.1,-30,-118,3215,5326,86.7,20.8,64.0,18.6,4376,68.0,78.3,11.3,31.5,172.1,4470,10.2,21.5,67.0,392.0,3251.8,1741.4,3828.5
Asikkala,64.4,8323,0.4,14.1,55.7,30.1,0.2,1.9,-53,-66,2338,4050,77.7,18.2,66.8,25.5,3063,69.2,48.9,12.0,35.5,171.7,2247,10.2,29.2,58.5,652.2,1804.2,1649.4,3344.2
Askola,53.5,5046,-1.1,21.1,61.4,17.6,3.0,2.0,19,-77,1413,2067,96.8,12.3,67.6,21.6,2238,76.2,32.0,8.7,21.6,125.5,1345,9.0,38.9,50.2,194.8,3284.4,1926.5,2970.9
Aura,69.6,3984,-0.1,20.4,62.1,17.5,0.6,2.3,20,-20,1115,1747,94.5,13.7,66.5,22.4,1781,76.4,30.8,9.6,21.8,123.7,1114,5.7,32.3,59.3,430.5,3333.3,1735.4,2833.8
Br�nd�,0.0,471,0.2,9.8,58.6,31.6,74.1,8.1,-3,-2,122,229,96.1,20.5,61.2,27.8,213,78.6,58.8,5.8,34.2,121.1,136,25.0,14.7,55.1,611.5,566.9,2403.4,1825.9
Ecker�,42.8,928,-0.7,12.9,62.0,25.1,90.3,11.2,-8,-5,276,455,91.2,15.6,55.4,16.0,451,79.6,41.6,5.1,26.7,105.8,266,12.4,13.9,64.3,376.1,682.1,2181.0,2748.9
Enonkoski,39.4,1453,-1.4,12.3,52.2,35.5,0.1,1.7,-17,-10,411,703,95.9,18.6,62.2,18.1,486,65.5,54.7,17.1,40.4,199.0,375,23.5,5.6,67.2,757.1,0.0,1556.8,4079.8
Enonteki�,29.7,1872,0.6,12.3,62.3,25.3,0.6,2.0,-17,35,495,857,96.3,19.4,68.3,19.5,729,63.7,80.4,19.5,31.7,156.8,645,9.9,10.7,75.8,321.0,2927.9,2775.6,4348.3
Espoo,99.5,274583,1.8,19.5,66.4,14.2,7.3,10.2,1791,1640,73931,119963,41.0,36.7,74.9,45.4,127710,73.2,49.8,10.0,16.4,115.0,116246,0.2,16.7,81.9,724.6,3121.8,2420.8,2595.5
Eura,72.1,12004,-1.0,16.4,57.4,26.2,0.2,2.4,-37,-114,3342,5703,87.2,16.7,63.1,21.1,4834,73.2,66.5,10.0,30.8,148.3,5236,7.5,47.6,43.8,304.5,2409.4,1865.5,3354.1
Eurajoki,63.3,9418,1.4,18.0,58.3,23.8,0.3,2.9,-25,23,2756,4060,94.3,10.6,67.4,25.3,3837,73.3,42.1,11.0,28.1,145.5,3227,5.3,47.6,46.1,834.3,1834.3,1990.8,3397.7
Evij�rvi,35.2,2535,-1.6,16.3,57.6,26.1,1.9,2.6,-23,-22,713,1108,95.3,16.2,61.8,16.6,1025,73.4,65.2,8.4,31.6,147.3,930,27.0,20.5,51.3,198.0,1577.9,1953.8,4171.2
Finstr�m,41.6,2594,2.9,18.2,61.6,20.2,89.9,10.0,2,27,746,1129,89.7,15.8,59.0,15.7,1283,82.9,29.3,3.0,22.1,102.2,818,10.8,29.7,55.4,982.3,2927.1,2531.2,1468.8
Forssa,91.0,17332,-0.5,12.8,58.7,28.4,0.3,3.5,-91,-113,4628,9271,45.3,30.5,65.7,21.9,6398,65.2,74.0,16.2,33.8,170.9,8184,2.0,33.2,63.9,525.3,2594.0,1682.3,3596.2
F�gl�,0.0,561,1.3,12.1,57.2,30.7,84.5,18.0,0,-10,140,263,91.6,19.4,50.7,15.4,258,82.7,66.0,0.8,29.4,117.4,224,8.5,5.4,83.0,1140.8,1262.0,2771.8,2164.0
Geta,0.0,499,-0.2,15.4,62.5,22.0,87.4,13.4,-6,2,136,227,96.0,14.1,54.5,13.3,238,78.4,39.7,3.6,24.0,109.7,156,17.3,12.8,62.2,422.8,885.8,2531.1,3350.7
Haapaj�rvi,70.1,7332,-1.4,19.5,58.9,21.5,0.1,1.1,3,-119,1893,3186,83.9,22.5,63.9,19.4,2639,65.5,79.8,12.2,28.4,177.8,2848,10.4,24.9,63.2,158.6,4448.3,2098.2,4007.0
Haapavesi,59.4,7098,-1.0,21.5,57.6,20.9,0.0,1.5,7,-84,1816,3001,91.4,21.0,67.8,17.0,2514,65.7,78.5,14.2,27.0,182.3,2634,13.9,32.8,52.2,120.5,3912.9,2172.9,3774.6
Hailuoto,52.5,994,0.1,13.0,51.2,35.8,0.0,0.9,-5,5,270,491,96.1,12.0,72.8,29.7,337,67.9,55.0,11.8,42.6,195.0,228,24.1,5.7,68.4,331.0,2523.1,1696.2,4342.1
Halsua,42.4,1219,-0.5,13.5,55.9,30.7,0.7,2.5,-2,-9,344,524,97.7,19.8,55.9,16.0,450,71.0,74.7,8.7,36.2,170.9,435,32.2,21.8,44.6,-3.3,3325.7,1877.8,4016.4
Hamina,87.5,20636,-1.0,13.8,58.9,27.3,0.4,3.7,-108,-116,5781,10348,71.8,22.7,68.0,23.9,7562,65.2,60.4,16.3,33.4,172.9,6504,3.7,19.8,75.2,541.7,3964.9,1678.2,3700.6
Hammarland,43.0,1508,-1.9,17.7,61.5,20.8,91.4,10.1,-2,-33,446,686,93.7,19.4,58.6,16.0,750,83.6,24.9,3.4,22.5,101.1,299,17.7,17.4,58.2,640.6,4.6,2497.3,1679.0
Hankasalmi,48.7,5159,-1.5,15.4,55.8,28.7,0.1,1.1,-43,-52,1387,2425,94.6,19.6,65.1,18.4,1725,62.6,61.5,16.7,35.1,199.1,1385,18.1,16.0,63.5,613.5,2019.2,1817.6,4223.1
Hanko,96.7,8663,-2.3,13.2,57.3,29.4,42.9,3.7,-59,-177,2417,4414,64.9,25.0,58.6,21.4,3220,68.1,82.5,13.7,34.6,169.0,3523,0.2,37.1,62.0,474.8,7550.7,1752.2,3882.1
Harjavalta,92.8,7240,-0.8,14.6,56.0,29.3,0.2,2.3,-55,-49,1969,3747,71.6,23.2,65.9,22.4,2569,65.7,59.4,13.9,35.0,181.8,3624,1.0,40.3,58.2,-108.0,2170.4,1663.0,4103.2
Hartola,54.5,2924,-1.9,10.1,55.5,34.4,0.0,2.5,-43,-27,769,1571,85.7,21.2,57.1,17.3,1015,65.2,73.3,14.5,40.6,188.1,1133,16.0,23.7,58.4,559.8,5265.7,1452.1,4173.4
Hattula,76.5,9682,-0.7,18.0,61.1,20.8,0.3,1.2,7,-76,2834,4233,85.2,14.9,73.1,30.0,4184,74.9,30.4,9.6,24.8,131.4,2710,4.9,17.8,75.5,167.2,3733.5,1717.3,2660.4
Hausj�rvi,64.6,8641,-1.0,19.1,61.9,18.9,0.5,2.0,-22,-70,2444,3735,90.7,14.6,69.6,24.2,3723,73.2,31.0,8.9,24.0,132.1,2110,9.0,29.4,59.7,486.5,2813.2,1715.4,2971.4
Heinola,90.8,19350,-1.1,12.0,57.5,30.4,0.2,2.4,-185,-123,5248,10276,51.9,30.0,65.8,22.6,6833,64.0,72.1,17.4,36.7,183.2,6523,2.4,33.0,63.5,333.7,3096.9,1594.4,3752.5
Hein�vesi,42.5,3514,-1.7,11.5,53.0,35.6,0.2,1.4,-54,-12,958,1828,83.3,20.4,59.4,18.5,1098,60.4,77.4,17.2,43.7,220.0,1072,13.6,18.2,65.5,452.5,4418.9,1682.7,5282.6
Helsinki,100.0,635181,1.1,14.1,69.2,16.7,5.7,9.4,1673,3285,156620,325319,13.4,48.7,74.0,41.3,300433,70.1,77.6,11.9,19.5,111.4,379518,0.1,9.9,89.1,896.4,2158.9,1911.7,2957.5
Hirvensalmi,36.2,2274,-0.7,10.7,56.2,33.1,0.3,2.0,-26,-3,612,1182,94.8,18.6,59.1,17.8,764,62.9,54.3,16.3,39.7,197.6,617,19.6,29.8,47.8,398.9,248.9,1525.1,4075.6
Hollola,78.0,23791,-0.5,18.4,59.4,22.3,0.3,1.6,-6,-109,6812,10583,71.4,17.9,70.6,28.7,9703,72.7,32.5,12.0,26.5,145.2,6042,7.1,27.8,62.7,534.5,2607.2,1821.4,3070.3
Honkajoki,44.6,1759,-1.9,13.8,59.3,26.9,0.3,6.9,-5,-36,500,829,96.0,23.2,57.7,14.4,699,68.3,69.5,12.5,32.5,151.6,731,28.0,29.7,40.9,185.9,1521.3,1549.2,3897.7
Huittinen,70.2,10403,-0.7,14.7,58.6,26.7,0.1,2.8,-36,-56,2867,5150,80.4,20.9,65.6,22.2,4121,70.7,68.0,9.9,32.0,152.4,4160,10.4,28.0,60.3,387.7,2023.4,1679.9,3356.9
Humppila,60.6,2345,-1.8,14.8,59.8,25.4,0.3,1.3,-18,-29,645,1126,79.0,14.7,62.9,17.6,906,68.0,45.3,13.2,31.2,158.8,600,14.7,20.2,64.0,9.8,1645.2,1701.9,3758.6
Hyrynsalmi,55.4,2406,-0.7,9.6,54.7,35.6,0.1,0.7,-16,-1,678,1226,91.8,18.8,61.4,14.7,755,58.5,68.8,18.6,45.5,218.7,614,14.3,10.7,73.6,125.1,2001.2,1654.6,4904.8
Hyvink��,93.9,46596,0.3,16.2,63.6,20.3,0.8,3.6,19,12,12715,22564,47.0,31.9,70.6,29.9,20274,71.6,54.9,11.2,24.6,129.8,19179,0.6,28.2,70.4,617.2,2435.8,1765.6,3066.7
H�meenkyr�,60.8,10681,0.1,18.0,60.0,22.0,0.1,1.3,1,-8,2977,4797,83.7,17.7,69.3,22.8,4211,69.3,46.8,12.8,27.5,153.6,2976,9.4,26.4,61.9,309.2,4147.5,1856.4,3073.7
H�meenlinna,87.6,67850,-0.2,15.2,60.8,24.1,0.4,3.7,-155,-255,18278,34189,55.1,30.6,71.6,30.8,27284,68.9,73.0,13.6,28.6,148.7,28270,2.9,21.0,75.1,202.3,3398.8,1635.5,3419.5
Ii,80.3,9628,-0.4,23.4,57.5,19.1,0.1,0.5,39,-75,2560,3949,95.8,16.5,69.5,21.8,3328,64.2,47.8,18.5,25.0,189.3,2389,7.0,23.4,67.6,327.0,3086.6,2153.5,3314.8
Iisalmi,76.0,21767,-0.8,15.5,60.9,23.6,0.0,1.9,-66,-142,5937,10907,56.4,32.2,71.7,24.0,8441,66.3,79.6,15.1,29.7,157.9,8839,5.1,22.7,71.1,360.8,2153.1,1776.4,3515.7
Iitti,59.8,6889,-0.3,14.5,57.7,27.8,0.3,1.4,-42,38,1887,3462,84.1,22.4,66.0,22.5,2623,68.9,54.0,13.3,33.4,162.6,2114,11.4,31.6,53.8,141.2,1269.6,1574.2,3667.9
Ikaalinen,59.8,7128,-1.1,14.4,56.6,29.0,0.2,1.3,-41,-37,1957,3525,78.2,21.1,68.1,24.1,2531,65.3,64.5,15.8,34.5,181.6,2388,9.5,16.4,72.0,432.5,3645.6,1682.7,3729.8
Ilmajoki,73.0,12167,0.1,20.1,59.8,20.1,0.2,0.6,14,-9,3459,5157,93.2,16.2,71.8,25.3,5066,73.7,42.8,10.2,24.8,140.2,3190,13.1,20.4,64.4,346.1,3669.6,1997.0,3061.0
Ilomantsi,54.8,5237,-1.9,9.8,54.1,36.1,0.1,1.5,-88,-13,1441,2785,86.2,21.2,60.7,14.6,1610,58.5,82.6,22.1,44.9,225.3,1667,11.4,14.4,72.6,513.5,2033.6,1859.5,5036.1
Imatra,97.3,27517,-1.1,12.8,59.1,28.2,0.2,3.9,-211,-204,7506,14695,57.9,28.6,67.6,22.2,9778,62.5,76.1,19.3,34.3,181.4,10627,0.8,31.8,66.4,519.2,2222.4,1592.9,3357.4
Inari,65.7,6825,0.3,12.5,63.4,24.1,0.3,1.8,-48,57,1815,3220,88.7,29.7,68.9,22.0,2890,68.9,88.1,13.6,30.6,136.2,2741,7.4,7.0,83.3,526.0,2202.2,2147.0,4179.0
Inkoo,41.0,5585,0.8,17.7,59.4,22.8,53.1,3.3,5,24,1618,2402,88.4,12.9,70.0,33.1,2412,77.1,36.2,8.0,26.3,131.6,1298,9.6,23.1,63.6,323.7,2846.7,1960.3,2928.2
Isojoki,38.8,2079,-2.1,12.2,56.4,31.4,1.0,3.2,-33,-12,549,1016,95.2,17.0,56.2,13.7,783,69.5,70.9,10.5,37.4,165.5,733,24.1,22.5,50.8,531.5,895.6,1656.1,4509.4
Isokyr�,70.8,4712,-1.5,17.2,56.9,25.8,0.7,0.7,-19,-56,1296,2161,91.9,16.5,68.9,23.6,1841,71.6,43.6,11.4,30.2,155.9,1238,17.7,18.3,61.5,624.6,514.6,1683.1,3355.1
Janakkala,77.0,16709,-0.9,17.3,60.4,22.4,0.3,2.2,-23,-123,4701,7789,72.9,19.3,69.0,24.6,6881,72.2,44.1,11.7,27.0,142.8,5091,5.0,32.1,61.4,341.6,3083.6,1725.2,3090.3
Joensuu,88.8,75848,0.4,14.3,65.4,20.3,0.1,3.0,-65,159,19882,39318,52.6,39.9,76.2,30.6,28818,60.3,83.5,18.6,25.0,163.2,32863,1.8,20.9,76.3,378.0,2422.6,1744.1,3313.5
Jokioinen,64.7,5341,-1.5,16.8,59.9,23.3,0.5,1.3,-28,-62,1515,2447,87.7,16.6,68.5,24.7,2167,71.5,41.3,12.4,27.6,146.5,1800,6.9,23.2,68.6,161.4,3338.9,1839.9,2986.7
Jomala,63.0,4757,2.3,21.9,63.9,14.1,89.2,8.6,21,56,1387,1899,88.6,10.7,65.6,24.4,2546,87.5,33.6,2.5,15.8,86.8,2479,3.5,21.2,71.6,690.1,0.0,2678.4,1269.5
Joroinen,57.7,5039,-1.4,14.7,57.9,27.4,0.4,2.0,-31,-47,1452,2430,89.1,20.1,69.2,22.4,1874,67.0,49.7,13.4,34.0,168.9,1379,26.8,19.9,51.5,108.0,3209.4,1732.9,3696.8
Joutsa,58.8,4673,-0.3,11.6,53.2,35.2,0.2,1.8,-65,39,1253,2483,85.3,22.1,60.9,18.1,1545,63.9,69.4,18.1,40.8,202.5,1393,14.6,24.0,59.0,650.1,2506.7,1614.4,4134.8
Juuka,46.3,4938,-1.9,11.0,55.8,33.2,0.1,1.1,-71,-23,1315,2570,89.0,20.4,61.2,15.9,1513,56.6,81.2,21.2,42.0,226.4,1537,12.8,27.1,58.6,371.4,1012.6,1653.1,5071.3
Juupajoki,46.5,1957,-1.6,15.9,55.9,28.3,0.1,0.5,-6,-25,547,918,88.5,19.0,63.1,18.2,711,67.8,57.2,14.1,34.7,175.2,758,12.9,40.9,44.7,285.6,1818.6,1712.8,3630.6
Juva,51.0,6421,-1.9,12.1,55.9,32.0,0.3,2.1,-74,-55,1759,3245,79.8,20.5,64.1,18.2,2351,68.3,69.9,12.8,38.3,173.1,2151,20.5,20.8,57.2,534.5,2724.2,1655.7,3861.5
Jyväskylä,94.6,138850,1.1,16.0,66.7,17.3,0.2,3.2,420,632,36137,70021,38.5,42.2,78.1,35.3,57034,63.9,84.2,16.6,21.1,143.5,60223,0.7,17.2,81.0,427.0,2831.3,1714.9,2948.9
J�mij�rvi,35.4,1915,-1.7,14.7,56.9,28.5,0.2,1.8,-22,-12,526,851,96.0,11.2,62.7,17.5,701,68.2,47.6,12.0,34.9,173.2,461,29.1,22.3,45.3,-227.2,2946.2,1625.6,3875.2
J�ms�,74.1,21259,-1.3,13.8,57.8,28.5,0.2,1.3,-185,-150,5915,10684,71.9,22.6,67.9,22.4,7636,65.5,82.1,18.2,34.0,178.4,7769,4.1,36.6,58.5,335.7,1774.0,1722.3,4053.6
J�rvenp��,99.9,41529,1.5,17.5,65.8,16.7,1.0,3.4,207,321,11450,19560,54.0,30.6,72.7,33.1,19370,74.2,33.8,10.4,20.6,114.4,12238,0.1,21.0,77.4,387.6,1913.6,1806.1,3041.8
Kaarina,94.7,32738,0.5,19.1,61.1,19.9,4.3,2.4,57,81,9487,14263,68.6,16.4,73.7,36.7,14197,74.8,27.9,10.2,23.4,130.6,8940,1.5,30.9,65.7,406.3,1944.4,1860.1,2910.4
Kaavi,46.0,3154,-1.3,13.2,54.9,31.9,0.0,1.6,-30,-8,849,1569,87.1,21.0,58.1,12.6,940,56.8,62.6,17.0,41.8,235.5,915,12.0,27.8,58.0,232.1,2670.3,1653.1,4945.8
Kajaani,87.8,37521,-0.3,16.0,62.8,21.2,0.1,2.3,2,-322,10073,18648,53.2,32.5,74.5,28.9,14742,65.4,87.0,14.4,27.3,154.5,15137,2.0,15.4,81.7,404.5,2941.6,2672.0,3486.1
Kalajoki,75.8,12586,-0.3,18.8,57.9,23.3,0.4,1.9,20,-66,3434,5324,92.6,14.9,68.2,20.8,4930,71.4,73.8,10.9,28.0,155.3,4541,16.2,29.2,53.2,466.0,2590.1,1905.0,2762.5
Kangasala,85.1,31190,1.9,20.2,60.8,19.0,0.2,1.3,142,395,8856,13584,68.0,17.9,74.8,33.9,13196,73.3,38.7,12.6,22.8,136.4,8432,4.2,26.5,67.3,693.8,1986.3,1939.2,2635.4
Kangasniemi,50.9,5603,-0.4,12.3,53.1,34.6,0.1,1.1,-73,43,1517,2875,84.6,20.1,63.2,20.1,1870,65.1,75.3,15.5,41.1,199.6,1711,16.5,25.6,55.9,381.9,3985.4,1481.5,4315.9
Kankaanp��,72.4,11637,-1.1,14.9,60.4,24.7,0.1,2.2,-25,-127,3209,5731,74.4,28.1,68.0,22.1,4431,65.8,78.7,13.7,30.6,162.6,5103,4.1,25.2,69.5,380.5,3241.5,1825.7,3367.0
Kannonkoski,36.5,1424,-2.6,13.4,53.7,32.9,0.1,1.2,-17,-24,370,675,93.2,17.8,57.8,15.8,436,59.4,65.3,20.9,39.7,226.6,403,19.4,16.4,62.8,1368.7,6085.0,1486.0,4614.5
Kannus,72.7,5578,-0.2,18.5,60.1,21.4,0.4,1.6,4,-37,1526,2454,88.5,18.9,66.5,19.8,2172,69.1,68.6,12.4,26.9,156.8,2187,13.9,25.8,59.6,122.6,2521.2,1844.0,3307.6
Karijoki,38.2,1349,-1.5,11.9,56.5,31.6,1.7,1.5,-18,-1,375,671,98.2,13.9,60.3,12.1,536,71.7,55.7,11.4,36.7,151.7,417,29.7,24.0,45.3,511.5,1685.0,1415.1,4116.4
Karkkila,85.4,8911,-0.6,16.8,59.5,23.7,0.9,4.6,-31,-38,2454,4207,69.4,22.7,62.1,19.9,3570,70.5,51.5,11.9,28.9,149.6,2793,2.1,40.4,56.5,387.5,6502.6,1859.7,3371.0
Karstula,50.6,4232,-0.8,14.1,55.4,30.5,0.0,0.9,-29,-10,1224,1986,92.7,19.1,63.2,18.6,1403,62.4,76.7,19.0,36.9,201.6,1392,15.9,19.5,63.4,477.6,3071.8,1720.5,4053.9
Karvia,33.6,2449,-1.1,12.3,56.1,31.6,0.1,2.4,-24,-4,660,1188,94.8,20.4,59.5,12.3,876,66.1,71.0,14.5,37.2,179.6,782,25.1,32.5,40.4,45.3,0.0,1674.6,3837.1
Kaskinen,99.4,1296,0.9,10.9,52.4,36.7,29.2,5.3,-9,16,381,667,69.6,18.7,64.8,23.9,440,64.8,54.7,14.7,41.4,194.5,479,5.2,39.7,53.7,-165.1,2641.2,1699.8,4571.0
Kauhajoki,67.6,13772,-0.7,15.9,59.7,24.4,0.3,1.9,-40,-80,3820,6495,92.2,21.2,66.0,19.7,5276,66.9,78.5,12.9,30.6,161.0,5371,9.3,25.3,64.4,247.5,4670.4,1896.7,3840.5
Kauhava,65.3,16599,-1.1,16.6,57.1,26.3,0.6,2.4,-76,-144,4616,7541,91.1,19.3,65.4,22.3,6466,71.9,79.0,8.9,32.0,156.7,6915,12.5,33.0,53.4,344.9,2485.8,1846.5,3787.9
Kauniainen,100.0,9397,-0.9,18.2,60.8,21.0,34.1,4.7,-34,-67,2585,3813,51.5,28.8,81.7,57.4,3988,74.2,20.8,7.2,22.8,135.6,2371,0.5,2.8,93.4,1481.1,0.0,3303.0,2874.7
Kaustinen,65.7,4298,-0.2,19.0,59.4,21.6,2.1,2.0,12,-16,1263,1826,95.1,18.8,65.9,22.4,1868,77.0,63.1,8.2,24.8,130.1,1754,18.1,20.7,60.0,443.5,6359.9,1947.2,3094.2
Keitele,48.8,2346,-1.4,11.3,57.3,31.4,0.0,1.4,-22,-19,659,1173,91.1,21.7,62.6,16.2,838,64.9,81.3,10.9,40.1,180.0,1040,12.6,36.7,49.4,247.7,2572.5,1593.8,4385.3
Kemi,99.5,21602,-0.7,14.6,60.8,24.6,0.2,3.7,-107,-210,5661,11487,52.1,35.0,69.3,23.5,7265,57.6,76.6,19.5,32.4,197.3,8814,0.2,24.4,74.6,116.3,4086.5,1857.7,4115.2
Kemij�rvi,69.9,7661,-1.4,9.9,54.5,35.7,0.0,1.0,-99,-34,2147,4091,68.4,25.5,67.3,21.3,2424,59.8,80.6,20.1,43.3,216.0,2294,6.7,16.2,76.0,309.1,4295.9,1903.8,5128.1
Keminmaa,89.2,8316,-0.9,17.7,60.2,22.1,0.1,0.7,-2,-76,2438,3748,86.1,18.1,74.4,28.6,3228,68.1,37.6,14.4,27.8,157.6,2406,3.2,33.7,61.1,389.0,2330.9,1804.6,3499.9
Kemi�nsaari,51.5,6872,-0.5,13.4,55.3,31.3,68.7,3.9,-74,13,1926,3421,80.4,19.2,62.6,23.3,2552,69.8,75.5,10.6,36.9,169.3,2296,7.5,21.2,69.0,592.8,3090.2,1939.8,3849.0
Kempele,96.2,17297,1.4,24.6,61.0,14.4,0.2,0.8,131,86,4807,6863,81.6,19.1,77.0,35.1,7167,72.6,30.2,12.6,18.3,141.3,5325,0.9,31.4,66.5,559.9,2167.2,2123.7,2459.0
Kerava,99.8,35511,0.6,16.8,65.0,18.2,1.2,7.0,120,0,9824,17103,37.7,35.2,69.9,31.1,16036,72.3,31.5,11.6,22.1,121.4,12101,0.3,24.6,74.0,735.0,1068.1,1786.7,2740.2
Keuruu,70.5,9992,-1.2,14.1,55.1,30.8,0.1,1.5,-81,-121,2745,5005,66.9,23.7,67.5,22.7,3414,64.3,74.9,15.3,37.1,192.7,3245,5.7,24.5,68.4,380.2,5468.9,2023.6,3595.7
Kihni�,34.3,1994,-2.2,13.5,57.0,29.5,0.0,1.4,-27,-27,565,914,96.9,17.4,61.0,14.5,715,65.5,73.1,15.6,35.3,178.9,670,11.6,34.9,50.7,261.8,3984.0,1514.0,4137.9
Kinnula,50.7,1699,-2.6,16.8,55.0,28.1,0.1,1.1,-16,-33,441,709,97.0,18.6,57.2,15.7,544,60.8,74.8,18.8,36.2,212.3,459,22.0,11.8,63.4,551.5,3472.6,2080.6,4206.6
Kirkkonummi,89.2,39033,1.0,21.1,64.1,14.9,16.9,5.3,161,34,10932,16116,69.6,24.3,72.0,38.7,17827,75.5,32.6,10.0,17.8,119.0,10536,1.1,17.2,79.8,449.3,2845.7,2087.3,2515.8
Kitee,55.4,10719,-1.0,12.1,56.8,31.1,0.0,3.1,-76,-121,3029,5420,75.4,22.5,65.1,18.5,3516,60.0,81.7,19.3,38.2,204.9,3522,13.1,24.1,61.2,853.5,1206.2,1620.5,4075.9
Kittil�,57.2,6383,-0.5,16.2,63.8,20.1,0.3,2.3,-15,-20,1591,2844,84.0,28.5,72.5,21.7,2906,73.4,88.0,10.9,25.1,119.6,3288,4.7,24.5,70.0,1187.2,4177.0,2541.8,4094.5
Kiuruvesi,50.5,8444,-1.8,14.9,57.2,27.9,0.0,0.9,-71,-81,2259,4125,80.7,25.7,64.9,16.6,2975,64.4,75.5,15.5,35.2,183.8,2632,25.3,15.5,57.3,342.5,3454.9,1828.9,4192.1
Kivijärvi,52.0,1161,-3.3,12.8,51.9,35.3,0.0,1.2,-22,-17,306,547,90.9,16.6,56.5,11.1,342,58.9,58.5,21.0,43.5,239.5,256,20.7,10.2,67.2,337.6,4191.2,1875.1,5273.0
Kokem�ki,59.4,7498,-1.2,13.8,57.7,28.5,0.2,2.4,-51,-63,2107,3703,86.6,16.5,64.8,20.6,2758,66.2,57.6,14.7,34.2,171.9,2399,8.3,25.0,65.2,252.1,3294.7,1635.0,3891.7
Kokkola,87.7,47723,0.3,19.0,60.2,20.7,12.7,2.5,181,-173,13170,21061,67.6,27.6,70.8,26.9,19221,70.1,87.6,11.8,24.9,148.3,19934,3.8,22.3,72.9,216.0,5088.4,1964.1,3445.8
Kolari,48.8,3827,-0.5,14.1,60.2,25.7,0.7,1.6,-23,0,1035,1776,93.1,20.8,70.0,20.6,1563,69.2,80.1,13.8,30.7,144.8,1410,5.7,8.9,81.2,901.8,2122.8,1968.4,4046.0
Konnevesi,40.6,2753,-0.1,13.7,55.1,31.2,0.0,0.7,-30,28,755,1321,91.1,20.9,63.4,17.7,941,64.2,59.7,18.1,37.1,192.6,802,18.1,10.7,70.0,215.4,6650.2,1653.1,4113.0
Kontiolahti,70.9,14806,-0.1,22.3,62.7,15.0,0.1,1.4,71,-107,4197,6101,93.7,15.9,77.0,31.1,6345,73.0,30.3,12.5,19.1,133.3,3417,4.4,28.2,65.1,497.1,2642.9,2098.6,2546.5
Korsn�s,66.7,2171,-1.4,14.5,58.5,27.0,86.3,8.2,-16,-32,627,938,94.8,15.6,64.8,22.5,918,74.8,58.2,9.3,30.2,136.5,750,22.8,15.9,58.8,904.7,837.4,2023.0,3480.9
Koski Tl,52.5,2416,0.7,13.9,55.2,30.9,0.3,4.5,-10,20,658,1192,88.6,15.2,61.4,18.4,913,72.3,59.5,10.6,35.1,164.6,917,17.8,27.2,53.8,360.1,41.4,1790.1,3600.2
Kotka,98.2,54187,-0.2,14.0,61.0,25.0,1.0,6.5,-194,-434,14281,28187,43.8,34.8,69.8,26.1,18827,59.5,81.8,21.7,30.4,187.8,20971,0.7,21.6,76.7,271.4,5728.9,1743.7,4019.6
Kouvola,85.9,85306,-0.6,14.0,60.4,25.6,0.3,2.9,-415,-387,23296,43577,61.8,27.2,69.3,24.7,32105,65.0,84.8,16.5,31.7,165.7,31106,3.5,21.9,73.4,288.7,2138.8,2129.2,3598.4
Kristiinankaupunki,66.5,6727,-1.0,11.8,55.1,33.1,55.1,4.3,-34,-194,1966,3217,89.6,16.8,61.2,21.7,2603,72.6,73.4,8.3,38.4,158.4,2417,11.8,15.0,71.2,1203.7,3118.9,1533.5,3447.0
Kruunupyy,54.4,6620,-0.9,17.3,58.5,24.2,79.0,2.8,-29,-37,1937,2637,93.5,12.7,63.8,23.0,2877,78.5,59.6,6.0,27.2,130.1,2544,14.4,39.3,45.4,162.1,3158.0,1968.4,3466.9
Kuhmo,63.3,8647,-1.8,11.9,55.9,32.3,0.1,1.2,-88,-81,2393,4456,79.0,22.4,66.4,17.2,2861,61.3,85.5,19.6,40.4,202.2,2721,14.0,16.3,68.2,266.7,3034.5,1824.1,4462.0
Kuhmoinen,56.0,2286,-2.1,8.7,49.1,42.2,0.3,1.0,-48,0,608,1258,80.2,20.3,60.5,18.7,691,63.9,73.1,17.9,48.1,230.8,657,15.7,17.4,65.1,804.9,638.2,1709.1,4519.2
Kumlinge,0.0,308,-2.8,8.8,58.4,32.8,89.9,6.8,-6,-5,83,157,92.4,16.6,56.9,19.2,144,79.3,51.4,4.0,35.7,113.9,88,9.1,2.3,75.0,165.6,2029.2,2561.7,2633.1
Kuopio,85.6,117740,0.7,15.0,65.1,19.8,0.1,2.5,9,518,31442,59416,43.0,38.6,76.3,31.9,48576,65.9,84.8,13.7,25.1,142.4,50347,3.1,13.5,82.3,372.0,2884.3,1861.2,3535.8
Kuortane,35.0,3690,-0.7,15.0,55.4,29.6,0.1,1.5,-26,5,1050,1685,94.7,16.8,63.0,21.3,1393,71.9,61.0,9.7,35.3,164.9,1279,14.5,23.4,61.0,591.3,2170.7,2041.7,3769.6
Kurikka,62.2,21501,-1.1,15.4,57.5,27.1,0.3,1.4,-127,-132,6080,9920,89.6,17.8,66.6,19.2,8099,68.6,67.8,12.3,33.1,165.5,7191,13.1,28.0,57.6,132.9,3754.2,1899.0,3854.7
Kustavi,37.5,908,1.5,8.3,54.1,37.7,1.1,2.1,-7,18,254,480,91.9,20.0,62.7,22.4,318,66.5,58.6,12.2,43.9,185.5,268,15.3,25.0,55.2,821.6,2074.9,1517.6,4504.4
Kuusamo,64.6,15533,-1.0,15.4,60.3,24.3,0.2,1.4,-38,-192,4320,7289,74.9,24.3,70.5,20.6,5747,64.1,92.2,13.9,32.0,170.3,5835,6.7,16.9,75.0,508.9,2076.9,1953.0,4016.5
Kyyjärvi,58.3,1375,-0.3,16.2,53.9,29.9,0.1,1.3,-21,4,364,631,96.0,20.6,57.2,14.6,460,65.7,73.2,17.4,35.8,198.9,476,13.2,35.3,50.6,-632.0,7361.5,1946.2,4557.8
K�rk�l�,66.5,4540,-1.4,15.1,60.2,24.6,0.4,2.6,-30,-69,1287,2173,88.4,18.7,62.9,18.6,1814,69.4,53.1,12.5,30.0,150.3,1732,8.5,46.7,43.9,200.2,2089.9,1707.7,3585.0
K�rs�m�ki,45.7,2655,-0.1,19.1,55.3,25.6,0.1,0.8,5,-4,670,1151,97.0,21.5,62.2,13.2,908,66.0,70.3,12.0,33.0,192.4,798,28.8,13.2,56.1,542.0,4455.0,2213.6,3668.2
K�kar,0.0,246,-1.6,8.9,56.9,34.1,87.4,8.9,-4,-1,63,124,91.9,21.0,54.5,25.0,110,84.3,56.4,6.0,34.1,123.6,75,5.3,10.7,78.7,-349.6,8634.1,2666.7,2967.5
Lahti,97.4,119452,0.6,14.8,62.3,22.9,0.4,4.2,-186,546,31534,62574,32.9,39.2,70.1,27.7,46717,65.2,78.1,17.7,27.3,155.7,49761,0.5,24.1,74.4,323.9,6232.3,1768.0,3305.7
Laihia,82.1,8139,0.6,20.6,58.4,21.0,1.1,0.8,20,33,2324,3527,88.7,16.4,70.5,28.9,3408,75.0,36.5,10.1,25.2,138.8,1821,9.4,22.7,65.9,-8.4,2853.8,1754.1,3410.6
Laitila,69.4,8520,0.0,17.0,59.5,23.5,0.4,4.6,-8,-99,2331,4000,74.6,21.0,64.6,19.5,3545,73.7,66.2,9.3,28.5,140.3,3572,8.9,38.4,51.1,381.3,1824.5,1923.4,3338.1
Lapinj�rvi,29.2,2739,-1.3,14.4,57.8,27.9,31.2,4.9,-4,-51,773,1305,95.1,20.2,60.0,18.8,1096,72.4,49.6,11.3,32.7,149.9,815,27.2,18.0,52.9,-88.7,2059.9,1936.8,3524.3
Lapinlahti,51.9,9882,-1.0,15.8,59.2,25.1,0.1,1.2,-88,-17,2659,4735,89.8,22.2,66.2,19.6,3653,65.9,64.2,14.8,32.1,170.5,3015,18.5,25.7,54.5,140.7,3087.2,1734.9,4109.0
Lappaj�rvi,49.8,3176,-1.2,13.6,54.7,31.8,0.5,2.6,-12,-49,895,1423,89.2,15.0,67.3,20.6,1109,66.5,70.7,11.9,38.3,186.4,1096,21.4,19.7,57.3,673.8,3431.7,1727.6,3984.3
Lappeenranta,89.9,72872,0.0,14.6,63.3,22.1,0.2,4.7,-194,-158,19334,37380,46.7,34.9,71.7,29.1,28649,64.6,85.8,16.5,26.8,154.4,30844,1.9,21.3,75.7,368.5,3114.7,1749.4,3385.0
Lapua,76.1,14575,-0.2,19.1,58.5,22.4,0.1,2.1,-14,-28,4021,6343,82.8,19.8,69.8,27.6,5766,71.5,58.8,11.1,27.5,152.8,4598,8.9,29.7,59.7,539.8,3149.7,1873.0,3167.1
Laukaa,71.7,18970,0.6,22.9,58.8,18.3,0.1,0.9,56,37,5220,7770,87.7,18.0,72.9,27.0,7420,70.5,42.4,13.7,22.9,155.7,5324,4.8,26.5,66.6,243.4,4267.7,2026.2,3059.7
Lemi,53.4,3076,0.1,18.3,57.5,24.2,0.1,1.0,-12,10,887,1357,97.4,13.5,66.6,23.3,1202,71.0,30.4,13.2,28.8,155.9,580,12.9,22.4,60.5,290.3,1338.4,1692.8,3072.5
Lemland,28.5,2012,1.1,19.5,63.8,16.7,92.0,7.7,13,-1,607,814,96.3,10.4,66.9,24.6,1024,84.3,20.4,2.2,18.2,96.5,339,3.5,17.4,67.8,534.3,1113.8,2954.8,1056.2
Lemp��l�,88.4,22745,0.9,23.6,61.0,15.3,0.3,1.3,104,92,6307,9254,75.1,18.3,76.4,36.3,9686,73.9,33.2,12.0,18.4,134.8,6699,2.0,27.3,68.9,591.9,3248.7,2072.1,2674.5
Lepp�virta,57.5,9865,-0.9,13.9,58.0,28.1,0.1,1.2,-56,-35,2789,4795,83.6,18.7,68.3,23.7,3642,66.6,56.1,13.7,34.7,170.9,2778,8.6,33.4,55.9,447.7,675.3,1488.9,3823.5
Lestij�rvi,36.6,811,1.6,16.0,56.2,27.7,0.1,2.0,1,13,216,356,97.5,21.3,60.9,18.9,276,63.8,68.3,12.7,34.9,193.8,269,46.1,12.3,39.4,58.0,2178.8,1866.8,3965.5
Lieksa,69.8,11580,-1.6,10.6,56.0,33.4,0.1,2.7,-137,-143,3115,6375,70.5,24.4,63.2,17.6,3546,56.6,90.3,21.2,41.7,226.6,3724,8.9,22.8,67.2,531.3,1100.5,1577.6,4442.9
Lieto,82.9,19418,0.8,20.6,61.4,18.0,1.3,1.5,32,111,5765,7951,82.2,11.2,73.4,33.2,8732,77.6,29.6,8.3,21.4,122.4,5943,3.3,29.0,65.8,384.8,2764.8,1921.1,2763.4
Liminka,79.8,10000,0.6,34.4,56.3,9.4,0.1,0.3,101,-40,2430,3163,94.8,12.6,75.7,33.8,3816,74.8,32.7,10.2,12.4,162.1,2215,7.8,13.2,77.1,442.4,1760.1,2556.4,2544.3
Liperi,56.4,12301,-0.3,18.7,61.2,20.1,0.1,1.0,36,-80,3442,5484,90.3,19.7,73.8,25.4,4891,68.4,40.7,14.0,25.6,151.5,3348,12.1,20.2,65.9,354.3,2679.3,1668.5,3370.4
Lohja,82.1,47149,-0.4,17.1,61.3,21.6,3.5,3.1,-102,-130,13078,21779,65.0,24.8,67.3,26.4,19628,71.6,60.0,12.6,26.0,140.2,15594,2.5,24.3,71.8,393.5,2520.9,1974.4,3250.7
Loimaa,66.6,16267,-1.2,14.1,57.5,28.3,0.2,2.4,-133,-80,4381,8111,74.7,20.3,66.0,22.6,6288,70.0,76.9,11.6,33.7,158.7,6576,9.6,27.1,61.8,149.3,2072.2,1722.0,3972.3
Loppi,55.2,8098,-0.9,18.7,58.4,22.9,0.5,1.5,-18,-67,2264,3534,89.0,12.9,66.2,21.7,3362,75.0,38.4,8.1,27.6,140.9,2020,10.1,20.6,67.1,430.2,2633.7,1834.8,3035.7
Loviisa,73.6,15208,-0.7,14.5,59.0,26.5,41.3,3.2,-108,-35,4215,7545,73.6,25.4,62.9,23.4,6003,69.8,60.5,12.5,31.8,153.3,4853,6.2,31.0,61.1,503.4,2264.6,1868.4,3200.9
Luhanka,0.0,756,-0.7,10.8,50.0,39.2,0.0,0.4,-17,12,203,373,96.5,13.9,56.2,19.6,247,67.1,49.6,12.1,45.2,206.1,157,29.3,12.7,53.5,313.5,1628.3,1302.9,4478.8
Lumijoki,63.4,2105,1.4,29.9,53.9,16.2,0.1,0.6,10,16,508,760,97.8,17.0,67.9,19.9,723,68.0,41.6,11.9,20.9,191.1,474,18.4,20.3,58.6,252.7,2330.2,1984.8,2920.2
Lumparland,0.0,385,-3.3,14.8,58.7,26.5,88.6,6.5,-2,-4,123,173,95.4,8.7,61.6,23.2,187,85.7,27.2,2.1,26.8,105.9,86,19.8,9.3,59.3,275.3,4540.3,2885.7,1742.9
Luoto,87.6,5176,0.6,29.4,56.2,14.4,92.1,2.2,78,-42,1291,1611,95.8,10.7,68.5,21.3,2206,82.3,27.0,4.3,16.3,134.6,931,3.8,37.6,57.4,601.4,2546.9,2342.0,2622.1
Luum�ki,61.6,4831,-0.6,12.8,55.8,31.4,0.4,1.9,-39,6,1325,2452,87.2,21.8,63.1,20.5,1780,69.3,58.6,13.6,37.1,171.4,1397,18.3,21.7,58.3,6.4,581.5,1762.8,4014.1
Maalahti,70.7,5517,-0.5,15.2,57.8,27.0,85.2,5.3,-14,-27,1619,2510,94.4,15.5,67.8,25.9,2336,76.6,54.4,10.1,30.4,136.2,1849,11.5,24.7,61.5,441.7,3338.0,2100.4,3783.6
Maarianhamina,99.6,11565,0.9,14.1,63.8,22.0,84.5,13.0,-8,91,3027,5980,43.1,45.0,66.2,28.3,5752,80.0,77.5,4.5,24.2,101.1,9861,0.2,8.7,89.3,894.4,2411.9,2422.4,2037.2
Marttila,43.4,2021,-0.3,16.2,57.6,26.1,1.1,1.7,-4,-11,553,964,93.6,14.4,63.5,20.3,798,71.4,40.8,9.7,31.1,153.3,524,22.3,17.7,57.4,438.9,1205.3,1533.4,3309.7
Masku,80.1,9675,-0.3,21.2,61.7,17.1,1.0,1.0,25,-53,2890,3824,93.8,8.0,74.1,31.6,4439,79.2,22.6,8.1,20.5,118.0,2271,5.3,23.6,69.4,132.0,3357.4,2257.5,2657.2
Merij�rvi,38.8,1131,-0.3,23.9,53.8,22.3,0.0,0.6,6,-9,268,434,98.8,18.7,60.0,11.3,366,65.2,47.9,10.5,27.6,209.0,246,30.1,13.4,55.3,203.4,2458.9,2156.5,3241.4
Merikarvia,58.0,3169,-0.5,13.9,53.4,32.7,0.4,0.9,-27,9,873,1513,85.8,19.6,58.8,17.9,1033,63.2,68.3,17.4,39.4,206.8,912,12.5,35.3,49.7,427.3,394.8,1949.5,4018.3
Miehikk�l�,30.1,2034,-2.4,11.6,54.4,34.0,0.2,3.6,-24,-27,566,997,96.1,19.6,55.9,13.8,677,63.1,50.1,12.5,42.7,200.4,518,27.6,5.6,65.4,746.8,3477.4,1635.7,3506.4
Mikkeli,80.0,54517,-0.3,14.4,61.3,24.3,0.1,2.4,-187,-149,14610,27661,56.2,31.9,72.8,29.3,21606,67.2,90.0,14.0,29.2,152.3,22102,3.4,17.8,77.6,349.7,3681.4,1883.3,3496.1
Muhos,78.4,8995,-0.8,25.0,58.6,16.4,0.1,1.0,28,-128,2328,3538,91.5,17.1,72.8,24.9,3320,67.6,47.9,13.9,21.8,170.9,2444,9.2,11.1,78.2,528.7,4595.1,2083.6,3372.7
Multia,47.7,1663,-2.7,14.5,53.2,32.4,0.1,0.9,-25,-24,451,787,94.0,18.2,63.6,17.2,540,63.7,61.8,14.7,38.9,208.0,597,25.1,25.5,47.4,488.3,1064.3,1831.6,4485.3
Muonio,50.1,2350,-0.3,15.3,59.6,25.1,0.6,3.8,-7,-6,634,1021,93.0,18.8,70.0,21.9,947,70.2,83.7,10.2,29.3,148.2,937,2.1,6.6,89.5,397.4,3937.4,2260.0,4130.2
Mustasaari,79.8,19380,0.4,20.2,59.3,20.5,68.8,2.0,84,4,5746,8062,89.1,11.1,75.5,35.6,8732,79.8,31.9,7.7,23.2,121.9,4964,6.6,27.2,64.4,525.7,3493.3,2067.6,2915.1
Muurame,87.4,9941,1.5,22.3,61.5,16.2,0.1,0.9,28,108,2861,4051,79.0,19.1,77.6,36.7,4308,75.0,31.4,11.3,19.7,130.8,2722,1.5,37.0,59.0,393.9,2157.2,1999.3,2322.6
Myn�m�ki,65.5,7842,-0.2,15.6,60.2,24.3,0.8,1.5,-24,-3,2294,3595,88.3,13.8,67.9,21.6,3249,72.9,41.9,10.5,29.4,141.4,1998,15.4,22.6,60.6,252.1,2145.5,1753.8,3393.9
Myrskyl�,46.8,1986,0.9,16.8,56.4,26.7,9.6,2.5,-7,21,567,887,95.5,15.0,64.4,19.1,770,70.9,40.7,13.7,30.8,157.9,451,25.7,16.9,55.0,125.4,1492.4,1448.1,3556.4
M�nts�l�,72.1,20853,0.8,21.0,61.8,17.2,0.9,1.9,91,60,5778,8721,79.5,17.6,67.9,24.9,9248,76.5,38.7,8.6,21.2,125.5,6055,4.4,18.8,75.4,643.5,2780.5,2158.8,2634.1
M�ntt�-Vilppula,82.8,10448,-1.5,12.4,56.2,31.4,0.2,2.1,-122,-137,2906,5395,65.9,23.8,64.8,20.0,3629,64.8,77.1,14.8,37.9,187.9,3867,2.8,36.2,59.8,253.5,4055.6,1606.5,4153.7
M�ntyharju,63.3,6097,-1.0,12.2,54.8,33.0,0.2,1.5,-88,20,1641,3182,80.8,22.5,61.5,19.5,2039,63.2,71.9,16.8,39.7,199.0,1932,11.9,31.2,55.6,455.8,2429.1,1654.4,3985.7
Naantali,85.8,19068,0.6,16.1,60.7,23.2,1.3,1.6,-32,129,5429,8949,60.4,23.6,73.2,33.5,8024,72.6,36.8,10.3,28.0,137.6,5677,2.7,31.8,63.7,552.4,1460.5,1793.7,3029.2
Nakkila,75.1,5548,-1.8,16.2,57.2,26.6,0.4,0.8,-24,-78,1590,2622,86.5,14.6,65.7,22.7,2035,67.6,39.0,15.1,31.0,172.6,1511,5.9,39.2,53.1,440.7,829.1,1573.5,3384.6
Nivala,64.9,10889,0.1,23.6,56.2,20.2,0.1,0.6,40,-41,2766,4437,90.9,18.9,68.8,18.2,3890,68.2,68.5,13.0,25.9,179.9,3433,14.9,27.1,56.5,314.2,4627.1,1952.9,3539.9
Nokia,91.3,33210,0.1,19.6,61.1,19.3,0.3,1.6,18,7,9244,15098,60.5,22.7,72.0,28.9,13623,70.8,43.6,14.4,23.3,143.8,10767,1.0,33.5,64.3,354.5,2475.8,1915.4,2729.8
Nousiainen,68.0,4815,-0.9,20.5,62.1,17.4,0.7,1.0,-4,-39,1415,1957,90.3,9.4,71.8,25.3,2152,76.7,24.8,9.3,21.7,123.7,1009,11.0,14.9,71.7,56.9,1836.3,2243.8,3096.2
Nurmes,65.5,7885,-1.4,12.5,55.3,32.2,0.1,1.1,-103,-15,2127,4113,73.9,25.1,64.1,18.5,2603,62.0,83.0,18.9,39.1,202.9,2731,15.1,20.4,63.6,565.5,1441.5,1906.9,4043.5
Nurmij�rvi,87.3,42010,0.3,21.7,63.0,15.3,1.2,3.0,177,-226,11757,17072,75.3,19.2,70.5,31.5,19502,78.8,34.9,7.5,18.3,115.4,11731,2.0,25.8,70.6,492.3,3150.7,2184.4,2610.0
N�rpi�,57.6,9439,0.6,14.7,57.2,28.1,81.4,11.8,3,0,2743,4197,83.8,17.0,59.7,20.8,4165,79.9,84.5,5.4,31.3,126.6,4317,23.1,23.6,52.1,717.9,2082.2,1974.5,3347.0
Orimattila,66.6,16279,-0.3,17.7,59.0,23.4,0.6,1.7,-21,-57,4497,7640,77.4,20.0,66.3,20.5,6473,70.9,47.6,13.4,28.0,151.5,4485,9.8,30.8,56.9,363.5,2114.3,1810.0,3293.8
Orip��,51.2,1363,-1.0,18.6,56.0,25.5,0.1,4.8,-13,-9,361,623,92.9,16.1,58.0,17.7,540,74.6,50.3,9.5,29.4,152.4,463,25.1,22.0,52.3,340.4,2501.1,1734.4,3462.9
Orivesi,70.4,9312,-1.0,15.6,56.6,27.8,0.2,1.2,-68,-30,2596,4485,76.7,19.3,67.4,23.9,3444,68.2,55.0,14.7,32.5,170.4,2882,9.6,22.2,66.1,623.6,3004.6,1806.6,3640.2
Oulainen,74.3,7514,-1.3,18.8,57.3,24.0,0.2,0.7,2,-100,1984,3394,85.8,20.3,68.4,22.0,2704,67.3,71.5,13.3,30.0,177.9,2782,6.8,20.5,71.7,388.9,4299.4,2014.0,4011.4
Oulu,96.3,200526,1.0,19.0,66.1,14.8,0.2,2.9,1075,227,51528,95764,47.1,39.4,77.9,35.9,81560,64.4,87.0,16.6,19.2,145.9,83938,0.8,18.8,79.4,380.3,3346.9,1965.3,2976.1
Outokumpu,67.9,7091,-0.7,14.4,57.4,28.2,0.1,2.5,-44,-19,1931,3585,75.0,27.3,67.7,17.5,2187,56.3,73.4,19.6,35.3,224.2,2383,4.2,41.4,53.6,430.0,1909.0,1578.2,3937.1
Padasjoki,50.3,3073,-2.2,10.5,52.6,36.9,0.3,0.9,-45,-35,858,1579,84.2,21.2,58.4,17.4,1013,65.6,60.2,13.6,43.1,203.4,803,13.3,22.3,62.1,339.7,2900.7,1549.0,4493.3
Paimio,78.3,10713,0.9,19.0,60.6,20.5,1.0,1.6,14,82,3038,4858,71.8,20.1,73.4,30.7,4643,75.1,38.1,10.1,24.5,130.7,3371,6.1,22.9,69.4,264.1,4625.0,1913.6,2941.6
Paltamo,59.9,3491,0.1,13.3,57.4,29.3,0.1,1.4,-46,35,947,1732,93.6,24.8,63.5,17.6,1118,58.7,57.3,17.6,38.7,212.3,924,10.4,17.7,70.1,470.6,3518.5,1765.7,4215.1
Parainen,67.4,15398,-0.4,16.1,58.2,25.6,55.6,2.4,-40,-26,4432,7112,78.5,16.5,70.2,33.0,6344,74.0,59.6,8.6,30.0,142.7,5128,5.2,26.5,65.8,436.6,2609.9,2099.4,3358.8
Parikkala,44.9,5126,-2.1,10.1,53.4,36.4,0.2,1.2,-74,-31,1395,2698,85.2,20.6,62.6,17.9,1734,64.8,66.7,16.2,43.4,195.6,1459,21.1,18.8,58.1,630.1,471.5,1398.2,4452.0
Parkano,67.4,6692,-1.1,14.4,56.1,29.5,0.1,1.6,-36,-42,1836,3252,78.4,21.3,64.2,18.1,2346,65.1,75.0,14.5,35.5,185.3,2308,8.1,30.4,59.8,399.6,2806.0,1736.4,3760.6
Peders�ren kunta,73.1,11067,-0.6,23.6,58.9,17.4,89.3,2.5,64,-120,3063,3922,93.5,12.0,68.7,21.7,4989,81.6,50.2,5.2,19.8,121.8,4166,12.0,43.3,43.7,106.0,1848.0,2437.5,2992.0
Pelkosenniemi,37.7,951,-0.7,9.1,57.7,33.1,0.2,0.5,-4,-10,263,498,95.6,24.9,70.1,21.2,332,59.8,74.9,18.8,41.0,186.4,385,3.9,9.1,86.2,763.4,3042.1,2173.5,5807.6
Pello,52.5,3565,-1.6,9.8,54.0,36.2,0.5,1.3,-38,-17,1044,1794,89.2,17.0,64.5,18.9,1171,62.5,81.6,17.0,44.2,204.4,1166,12.0,14.3,70.2,184.0,819.9,1587.7,5152.0
Perho,38.9,2907,-0.8,26.3,52.3,21.5,0.4,0.7,10,-34,716,1057,97.2,18.3,58.9,13.9,948,67.0,81.6,12.2,26.5,206.6,907,19.2,21.8,57.0,570.3,3003.1,2256.6,3470.6
Pertunmaa,42.8,1796,-1.2,11.9,53.8,34.3,0.1,2.4,-20,-16,466,942,94.6,20.9,58.6,14.9,611,65.6,67.5,14.8,41.3,193.9,621,19.3,24.6,55.1,393.1,3247.2,1866.4,4094.1
Petäjävesi,54.7,3981,-0.7,19.8,57.2,22.9,0.1,1.2,-10,-25,1055,1776,90.1,20.3,69.1,24.5,1489,68.8,40.3,14.9,27.6,167.4,845,15.5,17.5,64.7,122.8,2119.3,2265.5,3154.5
Pieks�m�ki,75.7,18475,-1.7,12.3,58.7,29.0,0.1,1.9,-200,-182,5144,9757,63.2,29.6,68.1,22.2,6690,64.3,84.1,13.4,37.1,176.2,6802,5.7,21.3,71.8,475.8,3717.8,1499.6,4302.0
Pielavesi,42.9,4697,-0.9,14.7,52.4,32.9,0.1,1.4,-54,9,1241,2288,83.3,18.4,62.4,15.9,1499,63.3,70.5,12.0,40.7,213.3,1314,23.7,10.7,63.4,252.7,3661.3,1739.6,4701.9
Pietarsaari,98.4,19377,-0.3,15.9,59.3,24.9,56.1,6.9,-31,-129,5373,9113,57.6,25.5,65.5,27.6,7781,71.0,74.8,10.7,28.8,149.0,10549,1.1,35.7,62.5,98.2,2255.3,2165.4,3765.3
Pihtipudas,46.6,4202,-0.5,15.5,56.2,28.3,0.0,0.8,-30,17,1105,2017,93.3,22.4,61.2,14.4,1459,65.4,78.6,15.9,35.0,188.0,1388,20.0,12.8,65.5,560.9,3712.5,2185.4,4063.8
Pirkkala,97.5,19163,1.3,21.2,61.9,16.8,0.4,2.0,126,135,5503,8138,59.7,19.5,78.3,40.3,8483,75.4,26.1,10.6,19.7,125.9,6412,0.3,25.9,72.3,841.3,2301.3,1955.1,2427.1
Polvij�rvi,30.9,4514,-0.9,13.0,58.4,28.6,0.1,0.7,-18,-31,1224,2218,93.5,18.6,65.3,15.7,1475,59.2,58.9,19.7,37.4,206.0,1263,19.9,27.3,50.7,474.1,299.1,1603.7,3712.9
Pomarkku,61.4,2233,-0.3,15.5,55.3,29.2,0.1,0.7,-13,3,631,1031,94.1,15.7,59.3,18.1,741,63.4,48.3,16.1,35.5,201.3,592,12.2,28.4,57.8,145.5,1858.0,1931.0,4064.9
Pori,93.5,85059,-0.4,14.6,61.1,24.3,0.5,2.2,-382,-112,23129,43883,56.1,31.3,71.3,26.9,31927,63.9,82.1,18.4,29.3,166.4,34058,1.4,21.8,75.8,446.2,2604.3,1682.0,3314.7
Pornainen,65.9,5108,-0.3,22.6,63.2,14.1,2.2,1.6,8,-24,1411,1903,94.7,7.2,68.0,24.6,2386,79.5,25.5,7.9,17.1,114.1,1048,8.4,18.2,69.8,651.9,2933.8,2225.3,2252.7
Porvoo,84.1,50144,0.4,17.5,62.8,19.7,29.6,4.6,30,-27,13950,22919,58.7,27.4,69.3,31.6,22272,74.4,64.6,10.1,23.4,125.1,20531,1.5,31.5,65.8,719.6,2350.5,2129.1,2954.9
Posio,39.3,3424,-1.5,9.7,55.4,34.8,0.1,1.0,-43,-16,973,1625,90.2,18.0,61.0,15.5,1030,56.1,80.5,24.3,44.0,232.4,964,22.4,11.4,64.3,295.0,4195.1,1678.4,5182.0
Pudasj�rvi,50.8,8187,-0.8,16.0,55.6,28.3,0.1,1.8,-61,-114,2089,3785,88.2,23.5,61.7,14.9,2525,58.4,80.4,18.9,36.8,224.2,2447,14.1,18.1,66.6,512.6,2840.6,2347.9,4360.4
Pukkila,39.4,1988,0.9,17.2,60.7,22.1,0.8,2.6,5,3,546,872,96.3,14.1,65.7,18.8,835,73.6,36.5,10.7,26.0,138.1,508,17.7,25.0,55.1,145.9,2615.2,1802.8,3087.0
Punkalaidun,41.7,3003,-1.5,12.8,55.6,31.7,0.1,2.8,-34,-67,795,1472,91.7,16.4,62.2,19.2,1059,67.0,63.0,11.6,37.6,183.6,917,26.2,20.8,51.4,383.6,762.9,1690.6,4177.5
Puolanka,56.4,2735,-1.5,9.7,56.1,34.2,0.1,1.7,-37,-10,749,1398,90.2,23.4,59.1,15.6,822,55.6,77.4,19.6,44.6,232.7,773,22.0,6.9,69.2,543.7,2553.6,1847.2,5550.3
Puumala,50.6,2234,-1.2,8.7,52.7,38.6,0.2,1.3,-35,4,617,1162,85.5,18.9,62.7,20.2,751,64.7,70.2,13.9,45.4,197.5,626,22.2,12.6,63.4,1099.4,970.5,1718.9,4263.7
Pyht��,73.5,5340,0.4,16.7,59.0,24.3,7.8,2.5,-8,-17,1572,2347,93.8,10.6,68.0,25.7,2060,68.8,29.1,15.4,29.5,159.2,989,7.5,23.1,65.7,360.1,2717.0,1636.7,3315.2
Pyh�joki,70.2,3188,-0.7,17.9,55.0,27.1,0.5,1.1,-12,-21,885,1386,97.0,15.7,68.6,19.0,1115,67.4,45.6,12.5,32.5,185.9,725,14.9,29.1,54.3,384.6,2931.0,2275.4,3329.0
Pyh�j�rvi,54.1,5446,-1.1,14.6,54.3,31.1,0.2,0.8,-36,-28,1470,2659,83.7,21.6,63.0,17.8,1749,60.8,80.8,15.3,39.1,211.4,1784,11.8,26.2,60.6,-511.4,3289.4,1910.9,4788.3
Pyh�nt�,55.5,1579,-0.5,21.2,57.8,21.0,0.0,1.1,-4,-3,404,651,98.0,24.3,65.4,17.0,591,68.9,83.1,11.7,27.5,167.2,813,8.1,63.1,27.7,430.0,2721.3,2172.9,3701.7
Pyh�ranta,42.3,2075,-2.9,15.5,58.5,26.1,0.3,0.8,-19,-44,622,940,97.0,7.0,65.0,20.3,850,73.3,28.0,9.2,30.9,144.1,509,7.7,48.5,42.2,-131.6,1534.9,1681.9,3599.0
P�lk�ne,56.3,6627,-0.7,15.3,56.8,27.9,0.4,2.0,-31,-36,1864,3059,88.8,15.5,67.5,23.4,2540,70.7,51.7,13.4,32.3,160.9,1855,15.6,16.4,65.3,338.9,676.3,1920.9,3585.8
P�yty�,51.2,8503,-0.7,18.7,57.6,23.7,0.6,2.7,-21,-62,2327,3793,92.6,13.6,63.5,20.1,3442,73.8,50.8,10.4,28.5,147.0,2618,15.9,28.8,53.6,315.1,1164.3,1950.4,3379.2
Raahe,87.1,25010,-0.6,19.3,58.5,22.2,0.1,1.9,4,-195,6780,11474,74.9,25.3,70.0,21.9,8893,64.4,88.9,15.0,28.6,181.2,10695,2.4,43.3,53.4,437.6,5768.5,1895.0,3362.6
Raasepori,78.5,28077,-1.2,15.2,59.4,25.4,64.9,3.7,-169,-240,7734,13613,63.6,26.1,65.3,27.4,11431,71.3,73.6,11.7,29.4,145.6,10228,4.0,19.4,75.2,303.0,4238.0,1872.4,3546.3
Raisio,99.3,24283,0.0,15.7,63.2,21.1,1.4,4.3,-57,21,6853,11642,52.7,22.0,70.2,28.5,10349,70.7,29.1,12.1,26.0,134.6,9422,0.1,25.5,73.4,353.4,2107.7,1697.5,3183.3
Rantasalmi,39.0,3649,-2.3,12.1,56.4,31.5,0.2,1.4,-54,-28,1035,1784,82.8,20.4,66.2,19.4,1267,63.4,59.6,18.5,38.3,188.0,939,27.2,19.6,51.8,638.5,2990.4,1783.0,4080.3
Ranua,50.1,4023,0.1,18.5,56.2,25.4,0.1,1.1,-18,-6,1009,1709,94.3,24.5,61.1,15.7,1255,59.8,78.8,17.9,33.4,220.6,1180,18.0,7.5,71.9,998.8,1156.1,2378.6,4142.2
Rauma,92.4,39614,-0.5,14.8,61.1,24.0,0.3,4.0,-98,-386,10986,19797,57.2,27.9,69.7,28.0,15889,68.4,77.9,13.6,28.6,149.3,15960,1.2,29.2,68.6,707.5,371.7,1723.1,3288.9
Rautalampi,47.7,3288,-0.5,13.5,54.0,32.5,0.1,2.2,-32,-14,893,1635,90.2,21.0,63.2,19.4,1076,63.4,67.3,12.8,39.8,205.6,956,19.8,17.8,59.7,689.2,2700.7,1705.9,4229.0
Rautavaara,43.7,1723,-0.8,10.2,53.6,36.2,0.0,0.5,-32,7,448,882,89.6,23.8,54.6,12.1,486,53.1,72.6,20.5,46.3,254.5,488,14.8,11.5,71.5,532.8,7976.8,1756.2,5346.5
Rautj�rvi,55.3,3473,-1.8,9.8,55.1,35.1,0.1,1.8,-45,-13,992,1853,84.8,18.1,60.5,16.0,1058,57.2,59.2,20.9,44.5,228.3,1024,8.9,38.7,51.2,989.3,2239.0,1786.4,4042.3
Reisj�rvi,41.3,2854,-1.4,19.4,56.3,24.3,0.1,0.7,1,-43,723,1194,98.0,19.8,61.1,17.6,1033,68.6,72.5,10.5,31.1,176.3,980,27.8,16.2,54.9,18.6,9309.4,2015.4,4075.0
Riihim�ki,97.3,29160,-0.4,16.7,63.2,20.1,0.4,3.3,-65,-79,7739,14412,45.3,32.1,70.7,27.8,12355,69.7,49.7,12.8,24.7,136.0,11055,0.4,26.2,72.5,298.1,4133.2,1834.0,3347.6
Ristij�rvi,43.4,1345,-0.4,10.4,53.7,35.9,0.0,0.7,-15,11,368,671,95.1,21.3,66.6,20.7,457,64.0,55.8,15.4,43.7,194.3,351,18.5,8.5,71.5,284.0,3753.2,1580.7,5461.0
Rovaniemi,89.7,62231,0.6,16.6,65.3,18.0,0.2,2.5,50,156,16311,30704,51.6,36.8,76.8,32.0,25811,66.2,91.0,15.0,22.9,141.1,25017,2.1,12.5,84.2,310.1,2290.4,1926.1,3344.7
Ruokolahti,60.5,5245,-1.3,13.0,55.1,32.0,0.1,1.8,-46,-30,1555,2553,86.0,15.4,64.3,21.7,1827,65.9,32.7,15.0,38.8,187.1,1020,14.8,14.8,68.0,455.3,1073.8,1592.4,3919.2
Ruovesi,51.4,4565,-1.3,12.5,53.8,33.7,0.3,1.4,-46,-123,1260,2272,79.7,21.7,64.1,20.1,1571,67.3,69.8,12.4,40.1,190.6,1597,13.0,28.7,57.1,670.5,1489.4,1670.8,4465.5
Rusko,77.5,6137,0.4,19.6,62.7,17.6,1.5,1.3,29,-16,1868,2402,94.0,6.0,73.2,29.7,2800,78.0,22.9,8.3,21.6,119.2,1683,6.1,48.6,43.3,616.1,1366.0,1816.7,2418.0
R��kkyl�,26.2,2268,-3.4,9.8,54.1,36.2,0.2,2.2,-36,-50,644,1203,97.1,19.5,64.3,15.8,683,57.2,67.1,19.4,44.6,232.1,596,29.0,12.2,56.0,485.4,2027.8,1264.1,4690.5
Saarijärvi,58.0,9690,-2.3,14.9,56.7,28.5,0.1,1.0,-73,-175,2645,4760,80.7,22.2,64.9,20.4,3269,61.9,72.0,21.1,34.1,196.4,2964,12.4,20.0,66.0,394.2,2815.5,1701.3,3986.9
Salla,46.4,3653,-2.0,9.6,55.1,35.2,0.3,1.1,-55,-22,983,1843,87.5,23.2,62.6,15.5,1147,58.2,81.9,22.8,43.6,218.5,1097,15.7,7.6,75.3,424.6,3381.1,1854.1,5798.2
Salo,74.9,53546,-0.6,15.5,59.8,24.7,1.1,4.0,-221,-271,14736,26122,71.6,23.7,65.8,25.1,19988,65.5,76.4,17.8,29.6,167.9,18679,5.4,26.9,66.3,434.1,1814.1,1769.5,3434.2
Saltvik,52.2,1839,0.5,17.9,59.8,22.3,92.1,6.8,5,-15,530,828,97.2,16.2,60.9,16.2,886,84.1,27.6,3.9,24.0,107.6,472,9.5,38.8,44.1,1025.0,1402.9,2438.8,1694.9
Sastamala,68.3,25062,-0.6,15.3,57.9,26.7,0.1,2.1,-104,-85,6885,12025,76.4,19.8,66.3,22.2,9337,67.7,69.0,12.3,32.4,168.4,8426,8.5,27.2,62.7,309.3,2137.6,1770.8,3674.9
Sauvo,42.3,3047,0.9,17.2,59.8,23.1,2.5,1.6,-10,30,882,1376,96.9,13.1,69.1,26.9,1279,72.9,37.9,9.2,28.5,138.2,736,20.5,17.0,59.5,196.6,2526.7,1655.1,3017.4
Savitaipale,52.7,3534,-2.2,11.5,52.2,36.3,0.1,0.6,-60,-18,949,1762,89.3,16.0,61.6,18.5,1241,69.6,62.9,13.6,40.9,184.8,1098,17.7,14.5,65.9,-8.2,1952.7,1739.4,4524.1
Savonlinna,77.4,35242,-0.8,12.8,58.7,28.5,0.1,2.5,-205,-218,9657,18332,59.0,29.8,69.4,24.7,12672,63.7,89.4,17.7,34.1,178.1,12730,5.7,20.6,72.2,418.9,3044.6,1541.9,4102.4
Savukoski,40.0,1044,-1.6,10.7,58.5,30.7,0.2,0.5,-17,1,282,505,96.2,20.4,66.3,19.3,359,60.9,74.1,22.3,37.1,190.8,351,41.0,2.8,53.6,957.9,2390.8,2194.4,4801.7
Sein�joki,90.7,62052,0.8,17.9,63.7,18.4,0.2,1.7,232,213,16813,29807,66.2,32.5,75.9,31.9,26909,71.3,81.5,11.8,22.7,130.6,29623,2.6,21.9,74.6,430.2,3816.9,1942.0,2979.7
Sievi,53.0,5069,-1.1,26.8,55.7,17.5,0.2,1.4,12,-67,1196,1836,96.9,18.0,64.6,16.6,1721,66.6,65.3,12.2,23.0,194.5,2062,12.0,55.6,31.2,171.0,3353.3,2395.1,3855.0
Siikainen,28.8,1494,-2.2,12.2,54.6,33.2,0.3,0.9,-26,-8,410,715,97.2,15.5,60.0,14.4,476,61.6,59.3,18.6,40.3,213.9,391,23.3,35.8,38.6,557.6,1498.0,1747.7,3980.6
Siikajoki,46.3,5366,-1.8,22.4,57.4,20.2,0.0,1.0,0,-163,1364,2231,97.6,15.4,67.5,18.0,1907,66.5,58.7,12.2,26.8,181.4,1619,23.8,15.4,58.6,421.9,3399.2,2388.0,3369.7
Siikalatva,47.7,5583,-1.7,15.6,56.2,28.2,0.1,0.6,-41,-55,1487,2623,97.1,18.9,63.9,14.7,2028,68.3,74.9,12.6,34.7,175.3,2015,23.6,15.9,59.1,-48.5,2553.5,1972.8,4810.0
Siilinj�rvi,81.8,21768,-0.1,20.2,61.4,18.4,0.1,1.0,76,-163,6235,9312,78.8,18.0,76.0,31.1,9209,73.4,42.0,9.9,23.3,136.4,7017,4.3,29.7,64.6,330.9,2805.1,2012.7,2973.8
Simo,53.6,3170,-2.1,15.8,55.5,28.7,0.2,0.8,-31,-40,930,1434,97.5,13.7,66.1,20.1,1025,61.5,40.3,16.6,36.8,209.3,607,11.0,12.5,73.5,481.1,2029.0,1863.7,3868.1
Sipoo,83.7,19922,2.7,19.7,63.4,16.9,33.2,3.3,37,448,5641,8161,77.0,16.0,71.4,35.5,9459,79.5,31.1,7.3,19.4,110.6,5532,3.2,20.9,73.1,651.2,2351.5,2250.0,2747.8
Siuntio,48.5,6178,-0.1,20.3,62.6,17.0,29.1,4.2,27,-65,1782,2540,89.8,11.5,69.6,34.3,2872,78.3,27.1,7.1,20.1,115.1,1444,6.9,16.2,73.4,691.2,3301.2,2043.1,2530.3
Sodankyl�,64.0,8653,-1.5,13.5,61.1,25.3,0.1,1.3,-40,-85,2376,4093,86.2,27.9,69.9,22.6,3465,68.4,85.4,13.2,31.6,149.7,3478,8.1,22.8,67.8,359.6,3230.4,1925.3,4412.7
Soini,47.3,2186,-1.7,16.2,55.6,28.2,0.2,0.5,-5,-38,594,964,96.4,17.3,58.1,16.5,725,63.8,68.9,17.1,34.6,201.5,713,15.7,26.1,56.9,397.5,4038.0,1377.4,4095.2
Somero,56.8,9027,-0.7,14.4,55.6,29.9,0.5,2.5,-67,-11,2455,4429,86.2,16.0,61.4,19.6,3314,69.1,65.0,12.7,35.2,172.4,2768,15.9,22.4,59.5,339.8,1583.7,1784.1,3650.7
Sonkaj�rvi,42.7,4199,-1.8,13.3,56.8,29.9,0.0,1.1,-21,-57,1172,2055,89.3,23.6,63.2,15.7,1443,62.6,60.2,17.1,38.0,191.0,1184,23.5,16.0,58.8,149.8,2546.3,1561.1,4385.8
Sotkamo,59.7,10471,-0.5,15.9,59.7,24.3,0.1,1.6,-27,-34,2935,4916,79.4,21.8,70.8,24.5,4153,69.7,68.6,12.2,30.5,152.1,3811,8.9,26.7,63.1,119.9,2769.7,2160.5,3747.7
Sottunga,0.0,96,-3.0,3.1,61.5,35.4,91.7,7.3,-3,-7,22,56,94.6,14.3,65.6,30.1,52,89.5,42.6,0.0,37.5,84.6,25,36.0,8.0,56.0,1520.8,2645.8,1197.9,4520.8
Sulkava,42.2,2661,-2.3,9.5,54.3,36.2,0.1,2.0,-37,-36,740,1348,94.7,19.1,59.9,18.4,884,63.6,67.0,16.6,43.1,201.0,822,17.2,17.8,64.2,175.1,1747.8,1664.4,5279.2
Sund,0.0,1006,-2.4,15.9,59.5,24.6,91.2,6.2,-6,-24,296,484,94.8,15.9,60.6,17.7,509,86.3,25.3,4.0,25.2,97.6,232,11.6,11.6,69.4,822.1,1832.0,2585.5,2128.2
Suomussalmi,62.2,8187,-1.8,11.3,56.8,31.9,0.0,1.6,-122,-61,2307,4157,79.7,23.0,66.2,16.7,2628,58.6,83.9,20.8,40.6,211.5,2382,11.4,21.4,65.6,459.0,1559.2,1730.9,4664.3
Suonenjoki,72.3,7312,-1.1,14.3,56.5,29.2,0.0,2.0,-54,-38,2001,3690,66.3,27.2,66.6,20.5,2588,65.8,68.8,12.2,36.5,182.5,2452,8.7,28.1,61.4,751.8,4118.0,1693.7,4158.4
Sysm�,51.6,3953,-2.2,10.1,51.8,38.1,0.2,1.5,-63,-25,1048,2152,83.0,20.1,58.4,18.7,1292,65.0,70.5,12.8,44.4,206.0,1070,23.6,14.4,59.5,443.0,101.2,1752.1,4152.8
S�kyl�,72.3,6988,-1.2,13.8,58.1,28.1,0.2,1.6,-40,-50,2005,3403,85.9,15.6,65.9,23.0,2825,72.9,59.8,9.8,33.5,147.4,3126,8.2,31.7,59.2,689.8,1819.0,1675.3,3555.5
Taipalsaari,58.3,4832,0.4,17.5,60.1,22.3,0.1,2.3,-7,21,1436,2072,95.2,10.8,73.0,32.8,1976,71.5,28.2,12.5,26.6,144.5,827,10.0,15.5,70.6,52.2,3422.0,1991.3,2774.2
Taivalkoski,46.2,4133,-1.6,15.5,58.2,26.3,0.0,0.7,-18,-46,1092,1840,82.4,22.9,66.1,15.8,1389,60.9,82.2,17.7,34.4,197.6,1312,11.8,20.0,67.1,898.6,604.9,2130.7,4018.1
Taivassalo,38.8,1622,-0.7,14.1,53.6,32.3,0.7,4.0,-15,9,485,788,90.4,12.7,62.1,20.1,631,73.5,50.3,11.6,37.4,157.1,493,17.4,27.8,51.9,647.3,4977.8,1725.6,3733.7
Tammela,49.6,6241,-0.6,16.2,59.4,24.3,0.2,0.9,-45,-1,1810,2810,88.5,13.7,69.1,26.5,2566,72.7,37.6,11.3,28.9,143.2,1649,13.5,28.8,54.6,313.4,1382.3,1720.2,3080.8
Tampere,98.6,228274,1.4,13.7,67.7,18.7,0.5,4.5,424,2146,58201,121506,25.1,46.1,77.0,35.8,95821,63.9,79.7,17.7,22.2,138.2,115727,0.2,19.1,79.7,326.0,2139.2,2052.1,3299.4
Tervo,35.3,1611,0.2,9.6,56.9,33.5,0.1,1.1,-13,13,448,810,91.9,18.4,62.1,16.3,562,62.7,53.0,13.9,42.2,186.7,422,21.8,9.5,64.2,253.9,2636.9,1472.4,4789.6
Tervola,39.6,3099,-3.0,15.2,56.0,28.8,0.1,1.0,-29,-72,839,1477,95.1,21.1,66.3,17.8,1030,62.8,67.2,18.1,34.8,200.9,932,15.9,22.3,60.0,1101.0,900.0,1970.0,4192.0
Teuva,65.9,5363,-2.2,14.9,54.2,30.9,0.8,1.2,-49,-63,1526,2488,95.7,13.7,63.5,16.5,1899,68.5,71.3,12.4,36.3,182.4,1823,17.3,26.8,54.5,89.9,4973.0,1799.4,4325.4
Tohmaj�rvi,33.3,4653,-1.8,13.0,58.1,28.8,0.2,2.7,-52,-40,1307,2286,90.0,19.3,64.3,17.1,1540,60.0,62.2,19.7,35.9,202.1,1374,18.0,10.6,69.4,331.6,1372.9,1843.3,4119.3
Toholampi,50.6,3232,-2.4,20.2,55.0,24.8,0.1,1.1,-9,-65,882,1322,96.6,14.3,62.6,17.9,1159,69.7,68.6,10.6,30.0,178.9,1125,24.8,21.9,52.0,233.3,4776.0,2091.9,3606.7
Toivakka,40.3,2432,0.0,19.1,55.1,25.8,0.0,0.7,-12,10,687,1081,96.9,15.0,67.6,23.7,905,70.1,41.2,14.1,30.5,168.7,563,8.0,27.5,62.7,305.1,2462.6,1939.1,3187.5
Tornio,86.3,22117,-0.4,17.8,61.3,20.9,0.4,2.7,27,-210,5981,10192,66.9,27.9,71.3,24.7,8504,66.1,79.8,15.7,26.0,160.1,8603,2.9,38.4,55.7,283.2,2365.5,1803.2,3173.2
Turku,99.0,187604,0.9,12.9,66.9,20.3,5.4,6.4,1,909,46802,101331,25.8,46.6,74.3,33.3,78214,64.0,76.8,16.3,24.1,139.9,95421,0.4,15.9,82.7,384.7,3599.4,1883.8,3332.7
Tuusniemi,39.2,2643,-2.8,11.2,56.5,32.2,0.1,1.2,-40,-41,721,1379,89.1,15.5,64.7,17.1,821,56.5,54.5,16.7,43.3,221.9,614,23.1,13.7,60.4,446.8,1863.4,1644.3,4926.6
Tuusula,95.5,38588,0.3,20.1,63.7,16.2,1.5,3.1,97,-7,10963,16183,71.0,19.7,71.0,33.0,18001,77.6,29.0,8.4,19.8,114.4,14105,1.0,28.3,69.3,428.6,1796.9,2117.0,2718.9
Tyrn�v�,71.5,6750,-0.6,32.0,56.0,12.0,0.2,0.4,54,-99,1627,2276,96.9,11.8,71.0,22.4,2498,71.9,36.0,12.4,15.5,170.2,1403,16.2,16.5,65.6,148.6,3412.1,2265.3,2992.4
Ulvila,85.2,13312,-0.3,17.7,58.0,24.2,0.3,1.0,-16,-22,3926,6003,84.2,15.7,70.9,26.8,5106,69.8,32.7,14.9,28.4,160.7,3526,3.6,33.7,61.3,99.7,1300.9,1814.4,3117.0
Urjala,47.5,4858,-1.4,13.1,56.1,30.8,0.2,2.1,-41,-37,1329,2438,87.4,20.3,60.9,17.8,1676,64.5,58.8,16.9,36.0,189.9,1450,14.4,29.4,54.5,286.5,2724.4,1536.0,3880.2
Utaj�rvi,47.2,2824,-1.3,16.9,55.6,27.5,0.0,2.1,-27,-40,742,1273,93.6,17.2,63.7,15.1,925,61.6,70.4,16.4,35.7,205.3,952,14.2,17.4,66.2,878.9,2455.0,2210.3,3924.6
Utsjoki,26.8,1241,-0.7,14.9,58.1,27.0,0.2,3.6,-4,2,308,594,92.1,27.9,66.2,25.5,501,71.3,83.3,10.7,32.2,147.7,478,10.9,4.2,75.7,971.0,4157.9,2614.0,5038.7
Uurainen,42.0,3717,1.4,25.5,56.7,17.9,0.1,1.0,25,25,990,1423,94.6,14.4,69.8,22.5,1399,70.1,37.9,14.7,21.7,165.7,804,12.3,17.4,68.7,346.2,3307.5,2116.2,2705.1
Uusikaarlepyy,59.9,7516,-0.6,18.3,57.5,24.1,86.9,5.8,21,-102,2156,3217,81.2,19.6,65.1,24.0,3320,79.9,70.9,5.7,26.6,126.4,3349,19.9,33.6,45.2,215.8,3725.7,2103.9,3298.8
Uusikaupunki,75.7,15404,-0.7,14.0,58.8,27.2,0.4,1.9,-46,-86,4309,7815,63.8,25.6,69.2,22.5,6317,72.3,78.8,10.2,32.9,143.8,6885,3.9,43.5,51.7,570.6,1924.8,1629.1,3553.2
Vaala,41.4,3040,-1.1,12.9,54.4,32.7,0.1,0.9,-28,-2,817,1545,90.8,22.0,64.3,17.4,943,59.9,73.3,18.1,41.6,222.4,890,17.1,14.6,66.5,638.8,3576.6,2288.8,4789.1
Vaasa,98.0,67620,0.0,16.1,64.9,19.1,22.8,5.9,109,-261,17685,33869,37.3,39.9,74.8,34.5,28920,68.3,85.6,12.1,22.3,133.8,36638,0.5,27.8,71.0,386.6,3939.2,2457.5,3431.5
Valkeakoski,87.8,21346,0.1,16.5,58.7,24.8,0.2,2.8,-63,1,5852,10334,53.1,25.0,71.8,26.7,7888,66.2,62.0,15.1,29.2,170.6,6859,1.8,37.9,59.4,406.7,2736.0,1952.5,3322.0
Valtimo,45.1,2245,-3.4,12.2,55.1,32.7,0.1,0.8,-48,-29,593,1166,88.8,17.6,60.9,15.6,738,61.7,65.3,16.8,40.9,204.2,645,24.2,9.3,64.5,143.4,2373.7,1797.8,5016.0
Vantaa,99.7,219341,2.2,17.9,67.1,15.0,2.6,10.7,1126,2092,59478,101529,37.0,37.7,68.3,30.4,102921,72.9,46.1,11.7,18.0,113.1,109779,0.3,21.2,77.8,815.4,5003.6,1920.6,2786.1
Varkaus,92.1,21468,-0.8,12.8,60.0,27.2,0.2,2.4,-172,-70,5782,11383,57.7,30.9,69.9,25.2,7428,60.3,79.0,18.1,34.4,189.0,8244,1.6,32.9,64.6,427.3,2404.6,1521.6,3912.0
Vehmaa,45.5,2277,0.0,14.2,58.1,27.7,0.7,1.7,-12,12,650,1091,90.5,13.7,65.8,18.4,938,73.6,49.5,11.0,32.9,142.8,719,19.3,21.1,57.4,-177.9,1942.5,1894.6,4127.8
Vesanto,39.6,2148,-2.0,11.1,51.5,37.4,0.2,0.9,-36,-2,604,1095,93.8,20.5,57.9,15.5,695,64.2,69.6,13.9,45.2,209.1,592,23.6,10.1,64.5,100.1,3196.5,1622.4,5329.6
Vesilahti,55.8,4462,-0.6,22.3,60.5,17.2,0.3,1.2,3,-37,1239,1760,97.6,8.2,72.9,31.2,1848,73.4,30.1,12.4,20.8,141.5,869,15.0,11.3,69.7,637.8,3118.3,2039.0,3060.3
Veteli,49.0,3259,-1.3,16.0,57.0,27.0,1.6,1.6,-26,-32,938,1446,96.3,17.6,66.4,20.9,1311,73.2,59.7,8.6,32.0,148.6,1097,23.2,18.5,57.2,295.5,4353.8,2017.2,3921.1
Vierem�,37.8,3721,-1.0,15.2,59.7,25.1,0.1,2.1,-24,-16,1037,1692,93.5,21.5,66.0,17.8,1495,70.6,71.7,11.5,31.3,148.9,1847,23.2,44.2,31.8,304.5,1819.1,1916.7,3796.6
Vihti,74.9,28967,0.2,19.5,63.2,17.3,1.7,3.9,38,-76,8119,12493,76.4,19.8,70.1,30.4,13109,75.5,39.3,9.9,20.7,121.0,8069,2.8,24.3,71.1,548.5,2887.7,2134.0,2787.2
Viitasaari,56.9,6607,-0.9,12.1,56.1,31.8,0.1,0.9,-48,-40,1795,3301,75.3,22.7,64.1,18.4,2201,61.5,80.6,19.0,38.4,200.2,2151,11.3,22.0,65.2,535.0,3363.4,1515.8,4290.9
Vimpeli,69.0,3025,-1.6,16.0,58.0,26.0,0.1,0.4,-16,-33,833,1334,94.2,16.4,66.6,21.1,1106,66.4,66.7,12.0,33.1,173.5,985,10.5,37.0,51.6,777.2,3506.1,1514.7,3698.2
Virolahti,45.3,3267,-2.4,13.7,57.2,29.0,0.4,4.8,-27,-48,913,1591,95.6,18.2,64.7,18.8,1194,66.0,56.5,15.4,35.5,173.6,1291,10.9,7.9,79.9,691.8,5142.3,2004.3,3086.6
Virrat,51.4,6917,-1.2,12.9,53.6,33.5,0.1,1.8,-65,-31,1909,3492,73.7,23.4,64.3,20.6,2329,65.1,78.3,15.3,39.5,197.0,2182,12.4,24.1,61.7,862.9,708.5,1804.1,3847.5
V�rd�,0.0,439,-0.5,13.9,56.3,29.8,88.2,9.8,3,-10,127,195,95.4,12.8,59.3,19.8,195,81.5,46.0,3.0,31.0,125.1,125,41.6,13.6,38.4,651.5,2031.9,2927.1,2578.6
V�yri,51.6,6684,-0.4,17.6,57.9,24.6,81.2,6.0,-35,-98,1887,2906,91.1,16.6,66.1,25.0,2839,76.3,63.1,7.9,27.5,135.4,2517,16.7,28.4,53.6,454.2,1106.8,2212.7,3383.2
Ylitornio,46.3,4200,-2.1,10.5,55.2,34.3,0.5,1.1,-42,-56,1161,2061,92.4,17.4,63.4,18.2,1430,64.7,77.7,16.1,41.1,193.7,1310,13.4,15.2,65.3,197.9,161.7,1801.7,5151.2
Ylivieska,86.2,15199,1.1,21.5,60.5,18.0,0.3,1.2,98,28,4016,6847,73.1,27.4,73.5,26.0,5976,68.6,71.5,13.3,23.1,154.3,6330,3.0,21.1,74.9,376.9,4363.2,1987.9,3198.7
Yl�j�rvi,88.1,32799,0.2,22.3,61.2,16.5,0.3,1.3,114,-42,9318,13471,81.5,15.1,74.3,30.1,13983,73.9,35.3,11.7,20.3,134.6,8835,2.7,27.9,67.4,302.0,2927.3,2083.1,2631.7
Yp�j�,40.4,2382,-1.2,13.9,59.9,26.2,0.6,1.5,-18,-11,666,1147,91.7,16.5,67.3,18.5,959,69.8,45.4,13.2,31.4,148.4,674,20.9,13.5,63.1,212.8,958.9,1535.7,3142.3
�ht�ri,61.8,5985,-1.4,14.4,56.0,29.6,0.1,1.0,-38,-44,1695,2886,87.5,19.7,67.7,21.2,2198,68.4,74.7,13.0,35.1,172.3,2112,10.3,25.6,62.6,498.2,2706.8,1482.4,4117.3
Äänekoski,75.5,19374,-1.4,16.7,58.6,24.7,0.1,1.3,-90,-232,5317,9344,66.4,25.8,66.9,20.2,6764,63.1,75.2,19.7,30.5,186.4,6984,2.5,41.1,55.3,658.9,3716.5,1880.1,3543.1
